{"cameraMode":{"drawMode":0,"name":"Shaded","section":"Shading Mode"},"sceneLighting":true,"audioPlay":false,"sceneViewState":{"m_AlwaysRefresh":false,"showFog":true,"showSkybox":true,"showFlares":true,"showImageEffects":true,"showParticleSystems":true,"showVisualEffectGraphs":true,"m_FxEnabled":true},"in2DMode":false,"pivot":{"x":464.6189880371094,"y":26.81041145324707,"z":364.6202392578125},"rotation":{"x":0.017646517604589464,"y":-0.07283459603786469,"z":-0.0012493060203269125,"w":-0.9972253441810608},"size":280.07794189453127,"orthographic":false}